date,budget_id,platform,spend,impressions,clicks,conversion_value
2026-09-17,238000000003,Meta,74687.55,22507,183,484812.43
2026-09-17,238000000004,Meta,14027.0,5346,53,62561.84
2026-09-17,238000000007,Meta,69070.94,19018,201,1040275.47
2026-09-17,238000000015,Meta,12528.02,6103,124,139293.08
2026-09-17,238000000031,Meta,39146.12,37442,304,270404.32
2026-09-17,238000000035,Meta,30988.88,6012,137,273664.3
2026-09-17,20000000001,Google,118618.84,28463,358,1895192.17
2026-09-17,20000000005,Google,283093.27,45638,1258,2971668.18
2026-09-17,20000000009,Google,249308.49,22674,613,3102600.34
2026-09-17,20000000013,Google,223755.86,18778,614,1911407.9
2026-09-17,20000000022,Google,19427.76,6547,143,191863.52
2026-09-17,20000000025,Google,82537.32,20609,1085,789546.9
2026-09-18,238000000003,Meta,72707.17,23942,194,482190.64
2026-09-18,238000000004,Meta,14173.08,5386,49,56454.67
2026-09-18,238000000007,Meta,67453.27,18976,242,886149.76
2026-09-18,238000000015,Meta,12580.31,5565,106,152872.3
2026-09-18,238000000031,Meta,38289.56,36802,264,238355.16
2026-09-18,238000000035,Meta,31961.64,6182,145,275936.42
2026-09-18,20000000001,Google,118424.34,24188,393,1842598.03
2026-09-18,20000000005,Google,271258.16,43467,1154,2861198.14
2026-09-18,20000000009,Google,241670.27,18931,499,3228568.32
2026-09-18,20000000013,Google,226309.38,13837,447,2210443.94
2026-09-18,20000000022,Google,18562.26,6942,126,180725.8
2026-09-18,20000000025,Google,82048.46,16556,792,822501.82
2026-09-19,238000000003,Meta,72851.59,24315,187,566325.38
2026-09-19,238000000004,Meta,14584.76,5360,51,67328.81
2026-09-19,238000000007,Meta,67000.92,18990,198,1037618.13
2026-09-19,238000000015,Meta,12669.95,5184,88,161525.62
2026-09-19,238000000031,Meta,39259.83,31409,290,238199.18
2026-09-19,238000000035,Meta,31048.64,5162,109,237309.11
2026-09-19,20000000001,Google,116202.85,24825,372,1725150.28
2026-09-19,20000000005,Google,278469.97,44065,1252,2611518.84
2026-09-19,20000000009,Google,247831.81,23895,649,3487370.58
2026-09-19,20000000013,Google,223540.87,16125,538,2072571.79
2026-09-19,20000000022,Google,18680.21,7184,144,196155.1
2026-09-19,20000000025,Google,82384.31,18169,895,844596.15
2026-09-20,238000000003,Meta,73357.06,22767,193,566145.72
2026-09-20,238000000004,Meta,14168.93,5892,57,63643.15
2026-09-20,238000000007,Meta,68516.5,17028,202,894248.6
2026-09-20,238000000015,Meta,12929.74,5183,107,149071.99
2026-09-20,238000000031,Meta,38251.38,35428,318,260757.46
2026-09-20,238000000035,Meta,32198.19,5951,142,258599.74
2026-09-20,20000000001,Google,119187.67,28643,340,2024892.76
2026-09-20,20000000005,Google,271060.53,35999,1155,2724026.82
2026-09-20,20000000009,Google,238865.67,23410,580,2918737.47
2026-09-20,20000000013,Google,227050.26,16455,492,2203506.58
2026-09-20,20000000022,Google,19444.73,7581,170,201583.43
2026-09-20,20000000025,Google,82255.19,16871,839,823126.8
2026-09-21,238000000003,Meta,73345.44,23372,212,475734.8
2026-09-21,238000000004,Meta,14440.34,4846,44,58618.71
2026-09-21,238000000007,Meta,68185.33,18716,174,1080452.54
2026-09-21,238000000015,Meta,12708.13,4755,88,163575.02
2026-09-21,238000000031,Meta,38853.13,40392,306,226073.52
2026-09-21,238000000035,Meta,32023.89,6122,128,245628.45
2026-09-21,20000000001,Google,116930.33,23156,350,1667805.78
2026-09-21,20000000005,Google,273647.65,40976,1161,2560494.04
2026-09-21,20000000009,Google,244253.35,24392,551,3457074.35
2026-09-21,20000000013,Google,228251.64,17624,547,2020065.14
2026-09-21,20000000022,Google,19098.87,6386,124,189775.07
2026-09-21,20000000025,Google,82298.03,18735,831,854228.65
2026-09-22,238000000003,Meta,95395.22,28302,187,632720.98
2026-09-22,238000000004,Meta,12361.19,4204,57,54324.85
2026-09-22,238000000007,Meta,68814.47,19274,220,924164.88
2026-09-22,238000000015,Meta,11075.52,4547,105,139460.89
2026-09-22,238000000031,Meta,31793.98,30887,267,184939.22
2026-09-22,238000000035,Meta,39278.92,7410,185,312343.66
2026-09-22,20000000001,Google,110674.98,27827,421,1616948.57
2026-09-22,20000000005,Google,297189.24,50631,1245,2908775.14
2026-09-22,20000000009,Google,189848.34,18722,458,2775264.25
2026-09-22,20000000013,Google,213026.97,15804,570,2137524.24
2026-09-22,20000000022,Google,21229.71,8154,143,200309.55
2026-09-22,20000000025,Google,84111.78,19530,900,950248.38
2026-09-23,238000000003,Meta,92910.2,28559,192,618869.66
2026-09-23,238000000004,Meta,12042.47,4580,50,49508.89
2026-09-23,238000000007,Meta,67425.05,17078,201,1046955.48
2026-09-23,238000000015,Meta,10825.69,4472,100,136265.27
2026-09-23,238000000031,Meta,31452.85,26046,201,182313.91
2026-09-23,238000000035,Meta,39910.55,7745,197,354034.98
2026-09-23,20000000001,Google,110408.46,23445,337,1613184.02
2026-09-23,20000000005,Google,300825.46,53028,1450,2937255.44
2026-09-23,20000000009,Google,192024.6,18726,439,2705362.94
2026-09-23,20000000013,Google,204388.1,17165,554,1867368.1
2026-09-23,20000000022,Google,20912.52,7285,165,196995.56
2026-09-23,20000000025,Google,84920.68,17095,805,814813.09
2026-09-24,238000000003,Meta,91325.73,30346,227,592742.86
2026-09-24,238000000004,Meta,12089.78,5298,52,51617.28
2026-09-24,238000000007,Meta,68062.49,22095,236,936181.68
2026-09-24,238000000015,Meta,10887.11,4469,103,135957.61
2026-09-24,238000000031,Meta,30373.02,26630,202,186440.14
2026-09-24,238000000035,Meta,38660.57,8049,191,309454.06
2026-09-24,20000000001,Google,112975.43,23112,288,1911919.07
2026-09-24,20000000005,Google,288865.99,45414,1308,2954117.73
2026-09-24,20000000009,Google,193862.1,18110,444,2628625.53
2026-09-24,20000000013,Google,211924.78,14506,501,2151771.17
2026-09-24,20000000022,Google,21228.52,7772,143,195240.26
2026-09-24,20000000025,Google,84841.82,17497,868,828427.42
2026-09-25,238000000003,Meta,92230.43,27139,205,705333.24
2026-09-25,238000000004,Meta,12019.23,4601,55,53689.34
2026-09-25,238000000007,Meta,68022.65,18313,187,936913.09
2026-09-25,238000000015,Meta,10794.98,4576,91,123933.19
2026-09-25,238000000031,Meta,31340.8,30364,212,206901.77
2026-09-25,238000000035,Meta,39264.81,6656,155,345204.21
2026-09-25,20000000001,Google,113104.09,24744,338,1646730.9
2026-09-25,20000000005,Google,292225.77,48644,1313,3268159.14
2026-09-25,20000000009,Google,191873.77,17678,452,2759377.18
2026-09-25,20000000013,Google,211247.86,17420,564,2039785.41
2026-09-25,20000000022,Google,21263.1,7163,133,205523.64
2026-09-25,20000000025,Google,81443.26,16879,804,786648.69
2026-09-26,238000000003,Meta,91567.26,25669,153,587652.74
2026-09-26,238000000004,Meta,12077.33,5077,62,55418.67
2026-09-26,238000000007,Meta,69421.2,18609,178,953943.15
2026-09-26,238000000015,Meta,10858.89,4908,116,138351.06
2026-09-26,238000000031,Meta,31310.92,31112,243,187671.28
2026-09-26,238000000035,Meta,38931.15,7331,177,334929.67
2026-09-26,20000000001,Google,113072.73,21534,311,1786441.21
2026-09-26,20000000005,Google,291892.0,42215,1136,2871087.46
2026-09-26,20000000009,Google,195269.76,17674,455,2439457.86
2026-09-26,20000000013,Google,210484.73,14493,486,2078938.42
2026-09-26,20000000022,Google,21173.5,7664,181,189991.43
2026-09-26,20000000025,Google,82025.11,21669,1062,813703.49
2026-09-27,238000000003,Meta,93351.76,26134,159,667833.26
2026-09-27,238000000004,Meta,11822.52,4168,53,53154.24
2026-09-27,238000000007,Meta,66658.96,18441,184,988650.95
2026-09-27,238000000015,Meta,10829.84,4412,66,126730.54
2026-09-27,238000000031,Meta,30380.49,27191,229,207373.39
2026-09-27,238000000035,Meta,38624.05,6967,179,293605.73
2026-09-27,20000000001,Google,112463.42,25973,384,1574643.29
2026-09-27,20000000005,Google,293417.01,46158,1204,2871492.1
2026-09-27,20000000009,Google,195098.63,17847,502,2578213.79
2026-09-27,20000000013,Google,206614.97,14033,455,1782752.88
2026-09-27,20000000022,Google,20983.26,7744,149,192713.67
2026-09-27,20000000025,Google,82786.2,18299,946,845637.17
2026-09-28,238000000003,Meta,91270.95,24918,132,654599.59
2026-09-28,238000000004,Meta,11927.1,4301,40,46402.69
2026-09-28,238000000007,Meta,68576.26,21344,229,966940.42
2026-09-28,238000000015,Meta,10666.33,4474,119,140763.79
2026-09-28,238000000031,Meta,31115.87,26377,197,214868.2
2026-09-28,238000000035,Meta,40126.35,7490,176,334397.04
2026-09-28,20000000001,Google,111864.31,24114,360,1800208.51
2026-09-28,20000000005,Google,300364.4,44378,1191,3133783.31
2026-09-28,20000000009,Google,191729.4,19452,482,1307489.87
2026-09-28,20000000013,Google,210627.26,15201,520,1807260.32
2026-09-28,20000000022,Google,21266.67,8144,153,188702.23
2026-09-28,20000000025,Google,82357.2,20850,941,934805.75
2026-09-29,238000000003,Meta,80436.96,24222,119,591547.21
2026-09-29,238000000004,Meta,10652.22,4200,44,48880.14
2026-09-29,238000000007,Meta,62079.85,18013,171,813969.37
2026-09-29,238000000015,Meta,11721.26,5911,133,147375.85
2026-09-29,238000000031,Meta,26652.96,27215,215,167317.08
2026-09-29,238000000035,Meta,34349.55,7266,160,290339.05
2026-09-29,20000000001,Google,131667.95,28641,424,1966935.35
2026-09-29,20000000005,Google,264491.37,42215,1129,2984700.96
2026-09-29,20000000009,Google,227214.65,21176,532,1527747.31
2026-09-29,20000000013,Google,270996.12,20219,635,2587257.52
2026-09-29,20000000022,Google,19633.38,8311,171,201938.71
2026-09-29,20000000025,Google,79291.16,19255,952,898338.0
2026-09-30,238000000003,Meta,83780.2,23693,121,620412.71
2026-09-30,238000000004,Meta,10611.55,4354,32,46384.15
2026-09-30,238000000007,Meta,60429.81,19145,178,927626.19
2026-09-30,238000000015,Meta,12061.56,5087,87,159887.15
2026-09-30,238000000031,Meta,27071.28,26899,200,165495.15
2026-09-30,238000000035,Meta,34552.07,6839,157,289518.56
2026-09-30,20000000001,Google,132267.11,29916,394,2214494.18
2026-09-30,20000000005,Google,262373.97,43935,1217,2891754.65
2026-09-30,20000000009,Google,225202.41,21337,465,1627368.52
2026-09-30,20000000013,Google,259367.12,18822,678,2596183.57
2026-09-30,20000000022,Google,19605.01,6869,139,206516.44
2026-09-30,20000000025,Google,76742.59,15240,779,816752.21
