Day,Campaign ID,Network,Cost,Impr.,Clicks
2026-09-17,238000000003,Meta,74687.55,22507,183
2026-09-17,238000000004,Meta,14027.0,5346,53
2026-09-17,238000000007,Meta,69070.94,19018,201
2026-09-17,238000000015,Meta,12528.02,6103,124
2026-09-17,238000000031,Meta,39146.12,37442,304
2026-09-17,238000000035,Meta,30988.88,6012,137
2026-09-17,20000000001,Google,118618.84,28463,358
2026-09-17,20000000005,Google,283093.27,45638,1258
2026-09-17,20000000009,Google,249308.49,22674,613
2026-09-17,20000000013,Google,223755.86,18778,614
2026-09-17,20000000022,Google,19427.76,6547,143
2026-09-17,20000000025,Google,82537.32,20609,1085
2026-09-18,238000000003,Meta,72707.17,23942,194
2026-09-18,238000000004,Meta,14173.08,5386,49
2026-09-18,238000000007,Meta,67453.27,18976,242
2026-09-18,238000000015,Meta,12580.31,5565,106
2026-09-18,238000000031,Meta,38289.56,36802,264
2026-09-18,238000000035,Meta,31961.64,6182,145
2026-09-18,20000000001,Google,118424.34,24188,393
2026-09-18,20000000005,Google,271258.16,43467,1154
2026-09-18,20000000009,Google,241670.27,18931,499
2026-09-18,20000000013,Google,226309.38,13837,447
2026-09-18,20000000022,Google,18562.26,6942,126
2026-09-18,20000000025,Google,82048.46,16556,792
2026-09-19,238000000003,Meta,72851.59,24315,187
2026-09-19,238000000004,Meta,14584.76,5360,51
2026-09-19,238000000007,Meta,67000.92,18990,198
2026-09-19,238000000015,Meta,12669.95,5184,88
2026-09-19,238000000031,Meta,39259.83,31409,290
2026-09-19,238000000035,Meta,31048.64,5162,109
2026-09-19,20000000001,Google,116202.85,24825,372
2026-09-19,20000000005,Google,278469.97,44065,1252
2026-09-19,20000000009,Google,247831.81,23895,649
2026-09-19,20000000013,Google,223540.87,16125,538
2026-09-19,20000000022,Google,18680.21,7184,144
2026-09-19,20000000025,Google,82384.31,18169,895
2026-09-20,238000000003,Meta,73357.06,22767,193
2026-09-20,238000000004,Meta,14168.93,5892,57
2026-09-20,238000000007,Meta,68516.5,17028,202
2026-09-20,238000000015,Meta,12929.74,5183,107
2026-09-20,238000000031,Meta,38251.38,35428,318
2026-09-20,238000000035,Meta,32198.19,5951,142
2026-09-20,20000000001,Google,119187.67,28643,340
2026-09-20,20000000005,Google,271060.53,35999,1155
2026-09-20,20000000009,Google,238865.67,23410,580
2026-09-20,20000000013,Google,227050.26,16455,492
2026-09-20,20000000022,Google,19444.73,7581,170
2026-09-20,20000000025,Google,82255.19,16871,839
2026-09-21,238000000003,Meta,73345.44,23372,212
2026-09-21,238000000004,Meta,14440.34,4846,44
2026-09-21,238000000007,Meta,68185.33,18716,174
2026-09-21,238000000015,Meta,12708.13,4755,88
2026-09-21,238000000031,Meta,38853.13,40392,306
2026-09-21,238000000035,Meta,32023.89,6122,128
2026-09-21,20000000001,Google,116930.33,23156,350
2026-09-21,20000000005,Google,273647.65,40976,1161
2026-09-21,20000000009,Google,244253.35,24392,551
2026-09-21,20000000013,Google,228251.64,17624,547
2026-09-21,20000000022,Google,19098.87,6386,124
2026-09-21,20000000025,Google,82298.03,18735,831
2026-09-22,238000000003,Meta,95395.22,28302,187
2026-09-22,238000000004,Meta,12361.19,4204,57
2026-09-22,238000000007,Meta,68814.47,19274,220
2026-09-22,238000000015,Meta,11075.52,4547,105
2026-09-22,238000000031,Meta,31793.98,30887,267
2026-09-22,238000000035,Meta,39278.92,7410,185
2026-09-22,20000000001,Google,110674.98,27827,421
2026-09-22,20000000005,Google,297189.24,50631,1245
2026-09-22,20000000009,Google,189848.34,18722,458
2026-09-22,20000000013,Google,213026.97,15804,570
2026-09-22,20000000022,Google,21229.71,8154,143
2026-09-22,20000000025,Google,84111.78,19530,900
2026-09-23,238000000003,Meta,92910.2,28559,192
2026-09-23,238000000004,Meta,12042.47,4580,50
2026-09-23,238000000007,Meta,67425.05,17078,201
2026-09-23,238000000015,Meta,10825.69,4472,100
2026-09-23,238000000031,Meta,31452.85,26046,201
2026-09-23,238000000035,Meta,39910.55,7745,197
2026-09-23,20000000001,Google,110408.46,23445,337
2026-09-23,20000000005,Google,300825.46,53028,1450
2026-09-23,20000000009,Google,192024.6,18726,439
2026-09-23,20000000013,Google,204388.1,17165,554
2026-09-23,20000000022,Google,20912.52,7285,165
2026-09-23,20000000025,Google,84920.68,17095,805
2026-09-24,238000000003,Meta,91325.73,30346,227
2026-09-24,238000000004,Meta,12089.78,5298,52
2026-09-24,238000000007,Meta,68062.49,22095,236
2026-09-24,238000000015,Meta,10887.11,4469,103
2026-09-24,238000000031,Meta,30373.02,26630,202
2026-09-24,238000000035,Meta,38660.57,8049,191
2026-09-24,20000000001,Google,112975.43,23112,288
2026-09-24,20000000005,Google,288865.99,45414,1308
2026-09-24,20000000009,Google,193862.1,18110,444
2026-09-24,20000000013,Google,211924.78,14506,501
2026-09-24,20000000022,Google,21228.52,7772,143
2026-09-24,20000000025,Google,84841.82,17497,868
2026-09-25,238000000003,Meta,92230.43,27139,205
2026-09-25,238000000004,Meta,12019.23,4601,55
2026-09-25,238000000007,Meta,68022.65,18313,187
2026-09-25,238000000015,Meta,10794.98,4576,91
2026-09-25,238000000031,Meta,31340.8,30364,212
2026-09-25,238000000035,Meta,39264.81,6656,155
2026-09-25,20000000001,Google,113104.09,24744,338
2026-09-25,20000000005,Google,292225.77,48644,1313
2026-09-25,20000000009,Google,191873.77,17678,452
2026-09-25,20000000013,Google,211247.86,17420,564
2026-09-25,20000000022,Google,21263.1,7163,133
2026-09-25,20000000025,Google,81443.26,16879,804
2026-09-26,238000000003,Meta,91567.26,25669,153
2026-09-26,238000000004,Meta,12077.33,5077,62
2026-09-26,238000000007,Meta,69421.2,18609,178
2026-09-26,238000000015,Meta,10858.89,4908,116
2026-09-26,238000000031,Meta,31310.92,31112,243
2026-09-26,238000000035,Meta,38931.15,7331,177
2026-09-26,20000000001,Google,113072.73,21534,311
2026-09-26,20000000005,Google,291892.0,42215,1136
2026-09-26,20000000009,Google,195269.76,17674,455
2026-09-26,20000000013,Google,210484.73,14493,486
2026-09-26,20000000022,Google,21173.5,7664,181
2026-09-26,20000000025,Google,82025.11,21669,1062
2026-09-27,238000000003,Meta,93351.76,26134,159
2026-09-27,238000000004,Meta,11822.52,4168,53
2026-09-27,238000000007,Meta,66658.96,18441,184
2026-09-27,238000000015,Meta,10829.84,4412,66
2026-09-27,238000000031,Meta,30380.49,27191,229
2026-09-27,238000000035,Meta,38624.05,6967,179
2026-09-27,20000000001,Google,112463.42,25973,384
2026-09-27,20000000005,Google,293417.01,46158,1204
2026-09-27,20000000009,Google,195098.63,17847,502
2026-09-27,20000000013,Google,206614.97,14033,455
2026-09-27,20000000022,Google,20983.26,7744,149
2026-09-27,20000000025,Google,82786.2,18299,946
2026-09-28,238000000003,Meta,91270.95,24918,132
2026-09-28,238000000004,Meta,11927.1,4301,40
2026-09-28,238000000007,Meta,68576.26,21344,229
2026-09-28,238000000015,Meta,10666.33,4474,119
2026-09-28,238000000031,Meta,31115.87,26377,197
2026-09-28,238000000035,Meta,40126.35,7490,176
2026-09-28,20000000001,Google,111864.31,24114,360
2026-09-28,20000000005,Google,300364.4,44378,1191
2026-09-28,20000000009,Google,191729.4,19452,482
2026-09-28,20000000013,Google,210627.26,15201,520
2026-09-28,20000000022,Google,21266.67,8144,153
2026-09-28,20000000025,Google,82357.2,20850,941
2026-09-29,238000000003,Meta,80436.96,24222,119
2026-09-29,238000000004,Meta,10652.22,4200,44
2026-09-29,238000000007,Meta,62079.85,18013,171
2026-09-29,238000000015,Meta,11721.26,5911,133
2026-09-29,238000000031,Meta,26652.96,27215,215
2026-09-29,238000000035,Meta,34349.55,7266,160
2026-09-29,20000000001,Google,131667.95,28641,424
2026-09-29,20000000005,Google,264491.37,42215,1129
2026-09-29,20000000009,Google,227214.65,21176,532
2026-09-29,20000000013,Google,270996.12,20219,635
2026-09-29,20000000022,Google,19633.38,8311,171
2026-09-29,20000000025,Google,79291.16,19255,952
2026-09-30,238000000003,Meta,83780.2,23693,121
2026-09-30,238000000004,Meta,10611.55,4354,32
2026-09-30,238000000007,Meta,60429.81,19145,178
2026-09-30,238000000015,Meta,12061.56,5087,87
2026-09-30,238000000031,Meta,27071.28,26899,200
2026-09-30,238000000035,Meta,34552.07,6839,157
2026-09-30,20000000001,Google,132267.11,29916,394
2026-09-30,20000000005,Google,262373.97,43935,1217
2026-09-30,20000000009,Google,225202.41,21337,465
2026-09-30,20000000013,Google,259367.12,18822,678
2026-09-30,20000000022,Google,19605.01,6869,139
2026-09-30,20000000025,Google,76742.59,15240,779
