sku,on_hand,reserved,safety_stock
M_FASHION_HOODIES_SWEATSHIRTS-P1,446,0,40
M_FASHION_HOODIES_SWEATSHIRTS-P2,1022,0,47
M_FASHION_HOODIES_SWEATSHIRTS-P3,517,0,41
M_FASHION_HOODIES_SWEATSHIRTS-P4,727,0,52
M_FASHION_HOODIES_SWEATSHIRTS-P5,607,0,70
M_JEANS-P1,1031,0,40
M_JEANS-P2,940,0,44
M_JEANS-P3,597,0,44
M_JEANS-P4,956,0,42
M_JEANS-P5,1113,0,52
M_OUTERWEAR_COATS-P1,3253,0,58
M_OUTERWEAR_COATS-P2,2532,0,53
M_OUTERWEAR_COATS-P3,3421,0,46
M_OUTERWEAR_COATS-P4,2615,0,55
M_OUTERWEAR_COATS-P5,2400,0,53
M_PANTS-P1,705,0,54
M_PANTS-P2,321,0,53
M_PANTS-P3,573,0,51
M_PANTS-P4,243,0,53
M_PANTS-P5,572,0,44
M_SUITS_SPORT_COATS-P1,324,0,47
M_SUITS_SPORT_COATS-P2,547,0,42
M_SUITS_SPORT_COATS-P3,848,0,41
M_SUITS_SPORT_COATS-P4,559,0,46
M_SUITS_SPORT_COATS-P5,172,0,44
M_SWEATERS-P1,666,0,63
M_SWEATERS-P2,755,0,68
M_SWEATERS-P3,684,0,82
M_SWEATERS-P4,723,0,54
M_SWEATERS-P5,412,0,66
M_SWIM-P1,349,0,50
M_SWIM-P2,235,0,47
M_SWIM-P3,859,0,46
M_SWIM-P4,789,0,51
M_SWIM-P5,740,0,46
W_DRESSES-P1,0,0,63
W_DRESSES-P2,163,0,50
W_DRESSES-P3,78,0,33
W_DRESSES-P4,0,0,63
W_DRESSES-P5,494,0,48
W_INTIMATES-P1,1046,0,104
W_INTIMATES-P2,1141,0,100
W_INTIMATES-P3,893,0,131
W_INTIMATES-P4,2424,0,97
W_INTIMATES-P5,224,0,110
W_JEANS-P1,129,0,48
W_JEANS-P2,146,0,39
W_JEANS-P3,426,0,45
W_JEANS-P4,728,0,36
W_JEANS-P5,89,0,42
W_OUTERWEAR_COATS-P1,349,0,39
W_OUTERWEAR_COATS-P2,70,0,28
W_OUTERWEAR_COATS-P3,628,0,28
W_OUTERWEAR_COATS-P4,90,0,34
W_OUTERWEAR_COATS-P5,116,0,32
W_SWIM-P1,7,0,54
W_SWIM-P2,208,0,51
W_SWIM-P3,390,0,53
W_SWIM-P4,153,0,41
W_SWIM-P5,8,0,48
