sku,price,unit_cost
M_FASHION_HOODIES_SWEATSHIRTS-P1,2187.54,1199.33
M_FASHION_HOODIES_SWEATSHIRTS-P2,3497.49,1929.89
M_FASHION_HOODIES_SWEATSHIRTS-P3,4309.43,2374.27
M_FASHION_HOODIES_SWEATSHIRTS-P4,5245.66,2893.38
M_FASHION_HOODIES_SWEATSHIRTS-P5,9275.03,5121.6
M_JEANS-P1,2902.76,1541.7
M_JEANS-P2,4459.69,2369.97
M_JEANS-P3,6625.49,3530.82
M_JEANS-P4,10840.68,5744.99
M_JEANS-P5,17294.15,9208.87
M_OUTERWEAR_COATS-P1,3683.93,1618.18
M_OUTERWEAR_COATS-P2,6453.7,2874.16
M_OUTERWEAR_COATS-P3,9092.69,4013.39
M_OUTERWEAR_COATS-P4,12908.89,5701.38
M_OUTERWEAR_COATS-P5,30391.51,13419.45
M_PANTS-P1,1834.29,839.72
M_PANTS-P2,3175.29,1463.65
M_PANTS-P3,4286.37,1969.05
M_PANTS-P4,5556.63,2547.11
M_PANTS-P5,10039.97,4598.13
M_SUITS_SPORT_COATS-P1,2217.32,887.79
M_SUITS_SPORT_COATS-P2,5530.69,2204.29
M_SUITS_SPORT_COATS-P3,8170.36,3250.26
M_SUITS_SPORT_COATS-P4,13065.91,5264.14
M_SUITS_SPORT_COATS-P5,23770.05,9564.6
M_SWEATERS-P1,2166.31,1089.84
M_SWEATERS-P2,3605.94,1808.23
M_SWEATERS-P3,5150.42,2557.04
M_SWEATERS-P4,7491.94,3754.35
M_SWEATERS-P5,13783.57,6906.46
M_SWIM-P1,1992.05,1197.58
M_SWIM-P2,3080.27,1841.39
M_SWIM-P3,4064.27,2446.09
M_SWIM-P4,4813.88,2892.78
M_SWIM-P5,6869.62,4127.88
OTHER-ASSORTED,3757.27,1786.97
W_DRESSES-P1,1179.13,535.35
W_DRESSES-P2,3097.81,1387.84
W_DRESSES-P3,4971.38,2244.07
W_DRESSES-P4,8292.1,3738.03
W_DRESSES-P5,17452.82,7867.31
W_INTIMATES-P1,850.38,449.12
W_INTIMATES-P2,1579.16,836.08
W_INTIMATES-P3,2334.2,1239.49
W_INTIMATES-P4,3260.15,1727.4
W_INTIMATES-P5,6234.56,3329.55
W_JEANS-P1,2610.76,1410.98
W_JEANS-P2,4055.7,2200.96
W_JEANS-P3,6552.62,3542.23
W_JEANS-P4,9840.58,5339.18
W_JEANS-P5,15616.13,8402.37
W_OUTERWEAR_COATS-P1,3129.65,1408.26
W_OUTERWEAR_COATS-P2,6200.31,2782.4
W_OUTERWEAR_COATS-P3,9057.77,4081.52
W_OUTERWEAR_COATS-P4,12536.9,5631.13
W_OUTERWEAR_COATS-P5,29027.28,13164.38
W_SWIM-P1,1941.34,815.57
W_SWIM-P2,3209.19,1340.35
W_SWIM-P3,4552.74,1919.08
W_SWIM-P4,6391.2,2714.21
W_SWIM-P5,11311.5,4800.44
